onnx,vnnlib,result,timeout
onnx/lstm_kin_h8.onnx,vnnlib/prop_000.vnnlib,unsat,120
onnx/lstm_kin_h8.onnx,vnnlib/prop_001.vnnlib,unsat,120
onnx/lstm_kin_h8.onnx,vnnlib/prop_002.vnnlib,unsat,120
onnx/lstm_kin_h8.onnx,vnnlib/prop_003.vnnlib,unsat,120
onnx/lstm_kin_h8.onnx,vnnlib/prop_004.vnnlib,unsat,120
onnx/lstm_kin_h8.onnx,vnnlib/prop_005.vnnlib,unsat,120
onnx/lstm_kin_h8.onnx,vnnlib/prop_006.vnnlib,unsat,120
onnx/lstm_kin_h8.onnx,vnnlib/prop_007.vnnlib,unsat,120
onnx/lstm_kin_h8.onnx,vnnlib/prop_008.vnnlib,unsat,120
onnx/lstm_kin_h8.onnx,vnnlib/prop_009.vnnlib,unsat,120
onnx/lstm_kin_h8.onnx,vnnlib/prop_010.vnnlib,unsat,120
onnx/lstm_kin_h8.onnx,vnnlib/prop_011.vnnlib,unsat,120
onnx/lstm_kin_h8.onnx,vnnlib/prop_012.vnnlib,sat,120
onnx/lstm_kin_h8.onnx,vnnlib/prop_013.vnnlib,sat,120
onnx/lstm_kin_h8.onnx,vnnlib/prop_014.vnnlib,sat,120
onnx/lstm_kin_h8.onnx,vnnlib/prop_015.vnnlib,sat,120
onnx/lstm_kin_h8.onnx,vnnlib/prop_016.vnnlib,sat,120
onnx/lstm_kin_h8.onnx,vnnlib/prop_017.vnnlib,sat,120
onnx/lstm_kin_h8.onnx,vnnlib/prop_018.vnnlib,sat,120
onnx/lstm_kin_h8.onnx,vnnlib/prop_019.vnnlib,sat,120
onnx/lstm_kin_h16.onnx,vnnlib/prop_020.vnnlib,unsat,120
onnx/lstm_kin_h16.onnx,vnnlib/prop_021.vnnlib,unsat,120
onnx/lstm_kin_h16.onnx,vnnlib/prop_022.vnnlib,unsat,120
onnx/lstm_kin_h16.onnx,vnnlib/prop_023.vnnlib,unsat,120
onnx/lstm_kin_h16.onnx,vnnlib/prop_024.vnnlib,unsat,120
onnx/lstm_kin_h16.onnx,vnnlib/prop_025.vnnlib,unsat,120
onnx/lstm_kin_h16.onnx,vnnlib/prop_026.vnnlib,unsat,120
onnx/lstm_kin_h16.onnx,vnnlib/prop_027.vnnlib,unsat,120
onnx/lstm_kin_h16.onnx,vnnlib/prop_028.vnnlib,unsat,120
onnx/lstm_kin_h16.onnx,vnnlib/prop_029.vnnlib,unsat,120
onnx/lstm_kin_h16.onnx,vnnlib/prop_030.vnnlib,unsat,120
onnx/lstm_kin_h16.onnx,vnnlib/prop_031.vnnlib,unsat,120
onnx/lstm_kin_h16.onnx,vnnlib/prop_032.vnnlib,sat,120
onnx/lstm_kin_h16.onnx,vnnlib/prop_033.vnnlib,sat,120
onnx/lstm_kin_h16.onnx,vnnlib/prop_034.vnnlib,sat,120
onnx/lstm_kin_h16.onnx,vnnlib/prop_035.vnnlib,sat,120
onnx/lstm_kin_h16.onnx,vnnlib/prop_036.vnnlib,sat,120
onnx/lstm_kin_h16.onnx,vnnlib/prop_037.vnnlib,sat,120
onnx/lstm_kin_h16.onnx,vnnlib/prop_038.vnnlib,sat,120
onnx/lstm_kin_h16.onnx,vnnlib/prop_039.vnnlib,sat,120
onnx/lstm_kin_h32.onnx,vnnlib/prop_040.vnnlib,unsat,120
onnx/lstm_kin_h32.onnx,vnnlib/prop_041.vnnlib,unsat,120
onnx/lstm_kin_h32.onnx,vnnlib/prop_042.vnnlib,unsat,120
onnx/lstm_kin_h32.onnx,vnnlib/prop_043.vnnlib,unsat,120
onnx/lstm_kin_h32.onnx,vnnlib/prop_044.vnnlib,unsat,120
onnx/lstm_kin_h32.onnx,vnnlib/prop_045.vnnlib,unsat,120
onnx/lstm_kin_h32.onnx,vnnlib/prop_046.vnnlib,unsat,120
onnx/lstm_kin_h32.onnx,vnnlib/prop_047.vnnlib,unsat,120
onnx/lstm_kin_h32.onnx,vnnlib/prop_048.vnnlib,unsat,120
onnx/lstm_kin_h32.onnx,vnnlib/prop_049.vnnlib,unsat,120
onnx/lstm_kin_h32.onnx,vnnlib/prop_050.vnnlib,unsat,120
onnx/lstm_kin_h32.onnx,vnnlib/prop_051.vnnlib,unsat,120
onnx/lstm_kin_h32.onnx,vnnlib/prop_052.vnnlib,sat,120
onnx/lstm_kin_h32.onnx,vnnlib/prop_053.vnnlib,sat,120
onnx/lstm_kin_h32.onnx,vnnlib/prop_054.vnnlib,sat,120
onnx/lstm_kin_h32.onnx,vnnlib/prop_055.vnnlib,sat,120
onnx/lstm_kin_h32.onnx,vnnlib/prop_056.vnnlib,sat,120
onnx/lstm_kin_h32.onnx,vnnlib/prop_057.vnnlib,sat,120
onnx/lstm_kin_h32.onnx,vnnlib/prop_058.vnnlib,sat,120
onnx/lstm_kin_h32.onnx,vnnlib/prop_059.vnnlib,sat,120
