onnx/lstm_psMNIST_h8.onnx,vnnlib/prop_000.vnnlib,120
onnx/lstm_psMNIST_h8.onnx,vnnlib/prop_001.vnnlib,120
onnx/lstm_psMNIST_h8.onnx,vnnlib/prop_002.vnnlib,120
onnx/lstm_psMNIST_h8.onnx,vnnlib/prop_003.vnnlib,120
onnx/lstm_psMNIST_h8.onnx,vnnlib/prop_004.vnnlib,120
onnx/lstm_psMNIST_h8.onnx,vnnlib/prop_005.vnnlib,120
onnx/lstm_psMNIST_h8.onnx,vnnlib/prop_006.vnnlib,120
onnx/lstm_psMNIST_h8.onnx,vnnlib/prop_007.vnnlib,120
onnx/lstm_psMNIST_h8.onnx,vnnlib/prop_008.vnnlib,120
onnx/lstm_psMNIST_h8.onnx,vnnlib/prop_009.vnnlib,120
onnx/lstm_psMNIST_h8.onnx,vnnlib/prop_010.vnnlib,120
onnx/lstm_psMNIST_h8.onnx,vnnlib/prop_011.vnnlib,120
onnx/lstm_psMNIST_h8.onnx,vnnlib/prop_012.vnnlib,120
onnx/lstm_psMNIST_h8.onnx,vnnlib/prop_013.vnnlib,120
onnx/lstm_psMNIST_h8.onnx,vnnlib/prop_014.vnnlib,120
onnx/lstm_psMNIST_h8.onnx,vnnlib/prop_015.vnnlib,120
onnx/lstm_psMNIST_h8.onnx,vnnlib/prop_016.vnnlib,120
onnx/lstm_psMNIST_h8.onnx,vnnlib/prop_017.vnnlib,120
onnx/lstm_psMNIST_h8.onnx,vnnlib/prop_018.vnnlib,120
onnx/lstm_psMNIST_h8.onnx,vnnlib/prop_019.vnnlib,120
onnx/lstm_psMNIST_h8.onnx,vnnlib/prop_020.vnnlib,120
onnx/lstm_psMNIST_h8.onnx,vnnlib/prop_021.vnnlib,120
onnx/lstm_psMNIST_h8.onnx,vnnlib/prop_022.vnnlib,120
onnx/lstm_psMNIST_h8.onnx,vnnlib/prop_023.vnnlib,120
onnx/lstm_psMNIST_h8.onnx,vnnlib/prop_024.vnnlib,120
onnx/lstm_psMNIST_h64.onnx,vnnlib/prop_025.vnnlib,120
onnx/lstm_psMNIST_h64.onnx,vnnlib/prop_026.vnnlib,120
onnx/lstm_psMNIST_h64.onnx,vnnlib/prop_027.vnnlib,120
onnx/lstm_psMNIST_h64.onnx,vnnlib/prop_028.vnnlib,120
onnx/lstm_psMNIST_h64.onnx,vnnlib/prop_029.vnnlib,120
onnx/lstm_psMNIST_h64.onnx,vnnlib/prop_030.vnnlib,120
onnx/lstm_psMNIST_h64.onnx,vnnlib/prop_031.vnnlib,120
onnx/lstm_psMNIST_h64.onnx,vnnlib/prop_032.vnnlib,120
onnx/lstm_psMNIST_h64.onnx,vnnlib/prop_033.vnnlib,120
onnx/lstm_psMNIST_h64.onnx,vnnlib/prop_034.vnnlib,120
onnx/lstm_psMNIST_h64.onnx,vnnlib/prop_035.vnnlib,120
onnx/lstm_psMNIST_h64.onnx,vnnlib/prop_036.vnnlib,120
onnx/lstm_psMNIST_h64.onnx,vnnlib/prop_037.vnnlib,120
onnx/lstm_psMNIST_h64.onnx,vnnlib/prop_038.vnnlib,120
onnx/lstm_psMNIST_h64.onnx,vnnlib/prop_039.vnnlib,120
onnx/lstm_psMNIST_h64.onnx,vnnlib/prop_040.vnnlib,120
onnx/lstm_psMNIST_h64.onnx,vnnlib/prop_041.vnnlib,120
onnx/lstm_psMNIST_h64.onnx,vnnlib/prop_042.vnnlib,120
onnx/lstm_psMNIST_h64.onnx,vnnlib/prop_043.vnnlib,120
onnx/lstm_psMNIST_h64.onnx,vnnlib/prop_044.vnnlib,120
onnx/lstm_psMNIST_h64.onnx,vnnlib/prop_045.vnnlib,120
onnx/lstm_psMNIST_h64.onnx,vnnlib/prop_046.vnnlib,120
onnx/lstm_psMNIST_h64.onnx,vnnlib/prop_047.vnnlib,120
onnx/lstm_psMNIST_h64.onnx,vnnlib/prop_048.vnnlib,120
onnx/lstm_psMNIST_h64.onnx,vnnlib/prop_049.vnnlib,120
